{
    "fields": {
        "project":{
                "key": "PJDC"
        },
        "issuetype": {
            "name": "Task"
        },
        "summary": "[SW_UVE_DEFECT] per_interpolatingFcts.inl (Process: Software Unit Verification)",
        "assignee": {
            "name": "NAT2HC"
        },
        "labels":["SW_UVE_DEFECT"],
        "components":[
            {
                "name":"PER"
            }
        ],
        "description": "{panel:title=Defect Information}\n||File_name|per_interpolatingFcts.inl|\n||File_hash|4a2300510ea1d073989d8c33c1b0a1cb945a9a49|\n||Detailed_description||\n||Observed_result_or_behavior|the incorrect implementation|\n||Expected_result_or_behavior|the correct implementation|\n||Requirement_violated|N.A|\n||Defect_type|Data controlling|\n{panel}"
    }
}