{
    "Changed_items": "tamtit",
    "Information_field": "<SWMRS> https://rb-alm-13-p-dwa.de.bosch.com:8443/dwa/rm/urn:rational::1-4147106800294823-V-94-000a3e40-100000a?doors.view=00000009 Baseline:7.6\n<SWMTS> https://rb-alm-13-p-dwa.de.bosch.com:8443/dwa/rm/urn:rational::1-4147106800294823-V-230-000a3e42-1000006?doors.view=00000014 Baseline:3.5\n<Module Test Result> https://inside-ilm.bosch.com/irj/go/nui/sid/90ac75a7-6136-3610-61b6-f4a3e96d966f\n<OPL Link> No\n<Code Coverage>C1: 100%\n<Code Coverage Exception> YES\n<Defect CQA> No",
    "Mail_cc_multiline": "Tam.NguyenTrong2@vn.bosch.com; Tam.NguyenTrong2@vn.bosch.com; Tam.NguyenTrong2@vn.bosch.com; Tam.NguyenTrong2@vn.bosch.com; Tam.NguyenTrong2@vn.bosch.com",
    "Mail_subject": "[Delivery-Module Test][FIAT_334-MY19]fus_x_mon",
    "Mail_to_multiline": "Tam.NguyenTrong2@vn.bosch.com",
    "SSM_response_details": "-File Name: /sources/comps/fus/cpc/fus_x_mon/fus_x_mon.c\n-CP: 1.9.1.422.2.4.1.20.2.107.3.7.2.24\n-Revision: 1.4.2.8.3.5\n-Total lines of code: 88\n\n-ELOC (tested lines): 14\n-No. of requirements tested: 8\n-No. of requirements not tested: 0\n",
    "Status": "assigned",
    "loginId": "nat2hc",
    "password": ""
}