{
    "Product": "SYSB_PLUS",
    "Customer": "JLR_MRR",
    "Model": "D7U",
    "Subproject": "INT_SW",
    "Release_version": "D010-I0.0",
    "Originator": "NguyenTrong_Tam",
    "Responsible": "NguyenTrong_Tam",
    "Origin": "Internal",
    "Kind": "Defect",
    "Status": "submitted",
    "Short_description": "TEST TOOL",
    "Customer_relevance": "No",
    "Detailed_description": "Defect Details as per CP  : 1.3.1.54.3.149.2.11.1.37\n                       CQA: nprod00619550, nprod00619552\n\na. MKS revision used for testing:\n   StbM_Current_Time_Read.c - 1.4\n   StbM_Global_Time_Update.c - 1.4\n\nb. DOORS baseline used as reference:\n   <Update later>\n\nc. DOORS requirement violated:\n    NA\n\nd. Link to OPL if more deviations found:\n    NA\n\ne. Link to test specification (DOORS):\n    https://rb-alm-13-p-dwa.de.bosch.com:8443/dwa/rm/urn:rational::1-4147106800294823-O-580-000b6f62?doors.view=00000011\n    https://rb-alm-13-p-dwa.de.bosch.com:8443/dwa/rm/urn:rational::1-4147106800294823-O-588-000b6f62?doors.view=00000011\n\ng. Problem description(Fail review):\n    - StbM_Current_Time_Read.c - 1.4\n    when 0<TimebaseID<STBM_SIXTEEN the array StbM_TimesourceArray_ast was overrange Index\n\n    - StbM_Global_Time_Update.c - 1.4\n    (LOC 254-306)\n    1. The arraies:\n        StbM_BusSetGlobalTime_b\n        StbM_TimesourceArray_ast\n        StbM_TimesourceBussetGlobalArray_ast\n        StbM_LastUpdationOfTimebaseArray_uo\n        was overranged\n     2. LOC 292:\n     User date will be updated to an undefine location.\n     Because array StbM_UserDataArray_ast size is only one.",
    "Defect_kind": "Other",
    "Defect_cause_process": "W 6-4 SW - Component Integration & Test",
    "Defect_detect_process": "W 6-4 SW - Component Integration & Test",
    "Defect_detection_date": "2018-05-08T12:00:00Z",
    "Defect_repeated": "No",
    "loginId": "nat2hc",
    "password": ""
}