{
    "fields": {
        "project":
            {
                "key": "PJDC"
            },
        "issuetype": {
            "name": "Task"
        },
        "summary": "SW_UVE - OPL for SIT_BEHAVIORMANAGERIMBA",
        "assignee": {
            "name": "NAT2HC"
        },
        "labels":["SW_UVE_OPL"],
        "components":[
            {
                "name":"SIT-BS"
            }
        ],
        "description": "Hello [~jux8fe],\n\nPlease find OPL for module per_longDyn.cpp in below location ://bosch.com/dfsrb/DfsDE/DIV/CS/DE_CS$/Prj/DA/EZKL_Radar/03_Customers/90_SW-Staende/SystemC/DACore/Module_Test/Test_Results/PER/PER_LONGDYN/OPL/PER_LONGDYN_OPL.xls"
    }
}