{
    "fields": {
        "project":{
            "key": "SBITBUCKET"
        },
        "parent":{
            "key":"SBITBUCKET-124"
        },
        "issuetype": {
            "name":"Subtask",
            "subtask": "true"
        },
        "summary": "NAT2HC_test2",
        "assignee": {
            "name": "NAT2HC"
        },
        "description": "06.05.18: Nguyen Trong Tam: Task is delivered\r\n\r\n****************************************************************************************************************************************************************\n\n<SWMRS>      https://rb-alm-13-p-dwa.de.bosch.com:8443/dwa/rm/urn:rational::1-4147106800294823-V-309-00080780-1000018?doors.view=00000002   Baseline: 8.1\r\n\r\n<SWMSD>     https://rb-alm-13-p-dwa.de.bosch.com:8443/dwa/rm/urn:rational::1-4147106800294823-V-151-00080781-1000010?doors.view=00000009  Baseline: 9.1\r\n\r\n<SWMTS>      https://rb-alm-13-p-dwa.de.bosch.com:8443/dwa/rm/urn:rational::1-4147106800294823-V-714-00080782-1000016?doors.view=00000016   Baseline: 8.1\r\n\r\n<Module Test Result> https://inside-ilm.bosch.com/irj/go/nui/sid/e0a36038-ef03-3610-e892-afc420f2bbbe\r\n\r\n<OPL link>            Yes. It has been clarified and closed. You can find information about OPL in the following document: https://inside-ilm.bosch.com/irj/go/nui/sid/80de3d4e-ef03-3610-b79d-9095082011c1\r\n<Code Coverage>  C1:100%\r\n<Code Coverage Exception> No.\r\n<Defect CQA>            No.\r\n****************************************************************************************************************************************************************\r\n\r\n-File Name: \\sources\\comps\\net\\cc\\comctrl_x\\comctrl_x.c\r\n-Tag_Name = SYSB_PLUS_R28.6.2_GPR_V2.0_F037SW0116V01.0002\r\n-Feature_Branch = remotes/origin/release/BEGEORAO-556-sysb_plus_r28.6.2_gpr_v2.0_0001_devsample\r\n-Total lines of code: 235\r\n-ELOC (tested lines): 70\r\n-No. of requirements tested: 5\r\n-No. of requirements not tested: 0\r\n****************************************************************************************************************************************************************\r\n\r\n*Possible start date: 01-02-2018*\r\nDue date: 4 weeks after possible start date\r\n\r\n*LOC: 70*\r\n\r\nDOORS\r\n===========================================================\r\nSWRS: https://rb-alm-13-p-dwa.de.bosch.com:8443/dwa/rm/urn:rational::1-4147106800294823-O-376-00080780?doors.view=00000002\r\nBaseline: <to_be_completed>\r\n\r\nSWSD: https://rb-alm-13-p-dwa.de.bosch.com:8443/dwa/rm/urn:rational::1-4147106800294823-O-232-00080781?doors.view=00000009\r\nBaseline: <to_be_completed>\r\n\r\n(For update task, please provide only the requirement URLs which are changed and which need to be tested. For example, if only 2 requirements are changed/added/updated, mention only those 2 DOORS URLs.)\r\n\r\n===========================================================\r\nModule Name: \\sources\\comps\\net\\cc\\comctrl_x\\comctrl_x.c\r\nBitBucket branch path: https://sourcecode.socialcoding.bosch.com/projects/BEGRADAR/repos/be056334-gpr/browse \r\nTag name : SYSB_PLUS_R28.6.2_GPR_V2.0_F037SW0116V01.0002\r\n\r\nHint: The developer requesting for the module test shall put himself as assistance to be informed automatically by comments of the module tester in the ticket."
    }
}