{
    "fields": {
        "project":{
                "key": "PJDC"
        },
        "issuetype": {
            "name": "Task"
        },
        "summary": "TCDS&TS Review for per_interpolatingFcts.inl",
        "assignee": {
            "name": "NAT2HC"
        },
        "labels":["SW_UVE_Review"],
        "components":[
            {
                "name":"PER"
            }
        ],
        "description": "Please help me review this phase.\nILM link: [https://inside-ilm.bosch.com/irj/go/nui/sid/204043c4-1358-3610-2f83-e02f3b3e038c|https://inside-ilm.bosch.com/irj/go/nui/sid/204043c4-1358-3610-2f83-e02f3b3e038c]"
    }
}