{
    "fields": {
        "project":{
                "key": "PJDC"
        },
        "issuetype": {
            "name": "Task"
        },
        "summary": "TCDS&TS Review for sit_situationInfoProvider.inl",
        "assignee": {
            "name": "GSA81HC"
        },
        "labels":["SW_UVE_Review"],
        "components":[
            {
                "name":"SIT-BS"
            }
        ],
        "description": "Please help me DOU this task.\nILM link: [https://inside-ilm.bosch.com/irj/go/nui/sid/109be539-4258-3610-a4a5-db30437ba724|https://inside-ilm.bosch.com/irj/go/nui/sid/109be539-4258-3610-a4a5-db30437ba724"
    }
}